;"Ano Fonte / Ano Fonte / Ano Fonte / Ano Fonte / Ano Fonte / Ano Fonte / Ano Fonte";"Fonte / Fonte / Fonte / Fonte / Fonte / Fonte / Fonte";"Marcador de Fonte / Marcador de Fonte / Marcador de Fonte / Marcador de Fonte / Marcador de Fonte / Marcador de Fonte / Marcador de Fonte";"Fonte / Fonte / Fonte / Fonte / Fonte / Fonte / Fonte";"Fonte Detalhada / Fonte Detalhada / Fonte Detalhada / Fonte Detalhada / Fonte Detalhada / Fonte Detalhada / Fonte Detalhada";"Saldo do Męs Anterior";"Movimento";"Movimento";"Saldo Atual"
;"Ano Fonte / Ano Fonte / Ano Fonte / Ano Fonte / Ano Fonte / Ano Fonte / Ano Fonte";"Fonte / Fonte / Fonte / Fonte / Fonte / Fonte / Fonte";"Marcador de Fonte / Marcador de Fonte / Marcador de Fonte / Marcador de Fonte / Marcador de Fonte / Marcador de Fonte / Marcador de Fonte";"Fonte / Fonte / Fonte / Fonte / Fonte / Fonte / Fonte";"Fonte Detalhada / Fonte Detalhada / Fonte Detalhada / Fonte Detalhada / Fonte Detalhada / Fonte Detalhada / Fonte Detalhada";"Saldo do Męs Anterior";"Débito";"Crédito";"Saldo Atual"
"Executivo - 10111";"1";"500";"100";"Recursos năo Vinculados de Impostos";"000000";41342186976,48;42502213,89;1080980362,66;42380665125,25
"Executivo - 10111";"1";"500";"107";"Recursos năo Vinculados de Impostos";"000000";3055008608,32;0;0;3055008608,32
"Executivo - 10111";"1";"500";"148";"Recursos năo Vinculados de Impostos";"000000";126169816,79;122448,03;3370679,23;129418047,99
"Executivo - 10111";"1";"501";"101";"Outros Recursos năo Vinculados";"000000";1162997216,3;332460,78;8144033,24;1170808788,76
"Executivo - 10111";"1";"501";"101";"Outros Recursos năo Vinculados";"000015";32151387,93;0;0;32151387,93
"Executivo - 10111";"1";"501";"101";"Outros Recursos năo Vinculados";"001654";64,98;0;0;64,98
"Executivo - 10111";"1";"501";"101";"Outros Recursos năo Vinculados";"001674";577,74;0;0;577,74
"Executivo - 10111";"1";"501";"101";"Outros Recursos năo Vinculados";"004224";593,91;0;0;593,91
"Executivo - 10111";"1";"501";"101";"Outros Recursos năo Vinculados";"006193";59,54;0;0;59,54
"Executivo - 10111";"1";"501";"101";"Outros Recursos năo Vinculados";"007382";110896,2;0;0;110896,2
"Executivo - 10111";"1";"501";"101";"Outros Recursos năo Vinculados";"007882";0;0;0;0
"Executivo - 10111";"1";"501";"101";"Outros Recursos năo Vinculados";"210080";2972,68;0;0;2972,68
"Executivo - 10111";"1";"501";"101";"Outros Recursos năo Vinculados";"220120";488,97;0;0;488,97
"Executivo - 10111";"1";"501";"101";"Outros Recursos năo Vinculados";"230004";3338,94;573,3;573,3;3338,94
"Executivo - 10111";"1";"501";"101";"Outros Recursos năo Vinculados";"230029";22333,29;0;0;22333,29
"Executivo - 10111";"1";"501";"101";"Outros Recursos năo Vinculados";"230082";4,17;0;0;4,17
"Executivo - 10111";"1";"501";"101";"Outros Recursos năo Vinculados";"240002";500,63;0;0;500,63
"Executivo - 10111";"1";"501";"101";"Outros Recursos năo Vinculados";"250006";2692,96;0;0;2692,96
"Executivo - 10111";"1";"501";"101";"Outros Recursos năo Vinculados";"250014";20144,96;0;0;20144,96
"Executivo - 10111";"1";"501";"101";"Outros Recursos năo Vinculados";"250215";315,65;0;0;315,65
"Executivo - 10111";"1";"501";"101";"Outros Recursos năo Vinculados";"370300";20014203,77;0;0;20014203,77
"Executivo - 10111";"1";"501";"108";"Outros Recursos năo Vinculados";"000000";1832647087,11;1414120,71;86432391,53;1917665357,93
"Executivo - 10111";"1";"501";"120";"Outros Recursos năo Vinculados";"000000";24739556,45;38253,24;1193749,01;25895052,22
"Executivo - 10111";"1";"501";"120";"Outros Recursos năo Vinculados";"016610";7142073,46;0;108337,39;7250410,85
"Executivo - 10111";"1";"501";"120";"Outros Recursos năo Vinculados";"018010";8281229,01;0;115499,84;8396728,85
"Executivo - 10111";"1";"501";"120";"Outros Recursos năo Vinculados";"018020";801627,83;0;69598,76;871226,59
"Executivo - 10111";"1";"501";"120";"Outros Recursos năo Vinculados";"025010";3202099,17;0;38253,24;3240352,41
"Executivo - 10111";"1";"501";"120";"Outros Recursos năo Vinculados";"026040";3035977,84;0;21849,6;3057827,44
"Executivo - 10111";"1";"501";"120";"Outros Recursos năo Vinculados";"026110";36963777,35;0;0;36963777,35
"Executivo - 10111";"1";"501";"120";"Outros Recursos năo Vinculados";"260400";0;0;0;0
"Executivo - 10111";"1";"501";"230";"Outros Recursos năo Vinculados";"000000";938240351,45;3737021,18;21150672,68;955654002,95
"Executivo - 10111";"1";"501";"230";"Outros Recursos năo Vinculados";"000001";706157,88;0;0;706157,88
"Executivo - 10111";"1";"501";"230";"Outros Recursos năo Vinculados";"000002";23721115,74;0;0;23721115,74
"Executivo - 10111";"1";"501";"230";"Outros Recursos năo Vinculados";"000003";1255172,4;0;0;1255172,4
"Executivo - 10111";"1";"501";"230";"Outros Recursos năo Vinculados";"000004";1397265,61;0;0;1397265,61
"Executivo - 10111";"1";"501";"230";"Outros Recursos năo Vinculados";"000005";8500025,05;0;0;8500025,05
"Executivo - 10111";"1";"501";"230";"Outros Recursos năo Vinculados";"000006";1476321,43;0;0;1476321,43
"Executivo - 10111";"1";"501";"230";"Outros Recursos năo Vinculados";"000007";1175891,27;0;0;1175891,27
"Executivo - 10111";"1";"501";"230";"Outros Recursos năo Vinculados";"000008";2105336,56;0;0;2105336,56
"Executivo - 10111";"1";"501";"230";"Outros Recursos năo Vinculados";"000009";1092057,77;0;0;1092057,77
"Executivo - 10111";"1";"501";"230";"Outros Recursos năo Vinculados";"000010";69699,92;0;0;69699,92
"Executivo - 10111";"1";"501";"230";"Outros Recursos năo Vinculados";"000014";5313543,81;0;0;5313543,81
"Executivo - 10111";"1";"501";"230";"Outros Recursos năo Vinculados";"000019";1811,77;0;0;1811,77
"Executivo - 10111";"1";"501";"230";"Outros Recursos năo Vinculados";"000020";14144406,58;0;0;14144406,58
"Executivo - 10111";"1";"501";"230";"Outros Recursos năo Vinculados";"000021";33336955,43;0;0;33336955,43
"Executivo - 10111";"1";"501";"230";"Outros Recursos năo Vinculados";"000022";122887307,37;0;0;122887307,37
"Executivo - 10111";"1";"501";"230";"Outros Recursos năo Vinculados";"000025";300788,52;0;0;300788,52
"Executivo - 10111";"1";"501";"230";"Outros Recursos năo Vinculados";"000026";36,31;0;0;36,31
"Executivo - 10111";"1";"501";"230";"Outros Recursos năo Vinculados";"000027";8933,55;0;0;8933,55
"Executivo - 10111";"1";"501";"230";"Outros Recursos năo Vinculados";"000028";560341,8;0;0;560341,8
"Executivo - 10111";"1";"501";"230";"Outros Recursos năo Vinculados";"000033";1,25;0;0;1,25
"Executivo - 10111";"1";"501";"230";"Outros Recursos năo Vinculados";"000035";0,29;0;0;0,29
"Executivo - 10111";"1";"501";"230";"Outros Recursos năo Vinculados";"000036";1517083,11;0;0;1517083,11
"Executivo - 10111";"1";"501";"230";"Outros Recursos năo Vinculados";"000042";6321470,53;0;0;6321470,53
"Executivo - 10111";"1";"501";"230";"Outros Recursos năo Vinculados";"000043";1517151,33;0;0;1517151,33
"Executivo - 10111";"1";"501";"230";"Outros Recursos năo Vinculados";"000070";14633853,39;0;0;14633853,39
"Executivo - 10111";"1";"501";"230";"Outros Recursos năo Vinculados";"000071";1325;0;0;1325
"Executivo - 10111";"1";"501";"230";"Outros Recursos năo Vinculados";"000072";326752,17;0;0;326752,17
"Executivo - 10111";"1";"501";"230";"Outros Recursos năo Vinculados";"000073";738826,4;0;0;738826,4
"Executivo - 10111";"1";"501";"230";"Outros Recursos năo Vinculados";"002670";20909,5;0;0;20909,5
"Executivo - 10111";"1";"501";"230";"Outros Recursos năo Vinculados";"004977";0;0;0;0
"Executivo - 10111";"1";"501";"230";"Outros Recursos năo Vinculados";"007996";1920,8;0;0;1920,8
"Executivo - 10111";"1";"501";"230";"Outros Recursos năo Vinculados";"009999";59591,84;0;0;59591,84
"Executivo - 10111";"1";"501";"230";"Outros Recursos năo Vinculados";"212023";10986,82;0;0;10986,82
"Executivo - 10111";"1";"501";"230";"Outros Recursos năo Vinculados";"230097";642,71;0;0;642,71
"Executivo - 10111";"1";"501";"230";"Outros Recursos năo Vinculados";"230098";337,9;0;0;337,9
"Executivo - 10111";"1";"501";"230";"Outros Recursos năo Vinculados";"922013";133763,84;0;0;133763,84
"Executivo - 10111";"1";"540";"215";"Transferęncias do FUNDEB - Impostos e Transferęncias de Impostos";"000000";221600,6;0;0;221600,6
"Executivo - 10111";"1";"540";"215";"Transferęncias do FUNDEB - Impostos e Transferęncias de Impostos";"000030";461505130,83;2416310,39;32224616,4;491313436,84
"Executivo - 10111";"1";"540";"215";"Transferęncias do FUNDEB - Impostos e Transferęncias de Impostos";"000040";0;0;0;0
"Executivo - 10111";"1";"540";"215";"Transferęncias do FUNDEB - Impostos e Transferęncias de Impostos";"000070";2013646563,78;0;0;2013646563,78
"Executivo - 10111";"1";"541";"215";"Transferęncias do FUNDEB - Complementaçăo da Uniăo - VAAF";"000070";0;0;0;0
"Executivo - 10111";"1";"550";"105";"Transferęncia do Salário-Educaçăo";"000000";220745514,22;0;0;220745514,22
"Executivo - 10111";"1";"551";"224";"Transferęncias de Recursos do FNDE referentes ao Programa Dinheiro Direto na Esc";"000004";12508,99;229,15;478,51;12758,35
"Executivo - 10111";"1";"552";"224";"Transferęncias de Recursos do FNDE referentes ao Programa Nacional de Alimentaçă";"000001";51592811,69;0;10266178,95;61858990,64
"Executivo - 10111";"1";"553";"224";"Transferęncias de Recursos do FNDE Referentes ao Programa Nacional de Apoio ao T";"000005";1127619,27;0;0;1127619,27
"Executivo - 10111";"1";"569";"224";"Outras Transferęncias de Recursos do FNDE";"000003";99315,2;0;1415,11;100730,31
"Executivo - 10111";"1";"569";"224";"Outras Transferęncias de Recursos do FNDE";"000012";417,6;0;0;417,6
"Executivo - 10111";"1";"569";"224";"Outras Transferęncias de Recursos do FNDE";"000016";21657,06;0;0;21657,06
"Executivo - 10111";"1";"569";"224";"Outras Transferęncias de Recursos do FNDE";"000017";121418,85;0;0;121418,85
"Executivo - 10111";"1";"569";"224";"Outras Transferęncias de Recursos do FNDE";"000037";4890064,6;0;49273,72;4939338,32
"Executivo - 10111";"1";"569";"224";"Outras Transferęncias de Recursos do FNDE";"000043";782,26;0;0;782,26
"Executivo - 10111";"1";"569";"224";"Outras Transferęncias de Recursos do FNDE";"000051";430144,44;0;0;430144,44
"Executivo - 10111";"1";"569";"224";"Outras Transferęncias de Recursos do FNDE";"000052";181484,92;0;0;181484,92
"Executivo - 10111";"1";"569";"224";"Outras Transferęncias de Recursos do FNDE";"000058";13876116,5;0;0;13876116,5
"Executivo - 10111";"1";"569";"224";"Outras Transferęncias de Recursos do FNDE";"000096";876795,3;0;0;876795,3
"Executivo - 10111";"1";"569";"224";"Outras Transferęncias de Recursos do FNDE";"000097";1191528,87;0;0;1191528,87
"Executivo - 10111";"1";"569";"224";"Outras Transferęncias de Recursos do FNDE";"000099";4435,47;0;0;4435,47
"Executivo - 10111";"1";"570";"212";"Transferęncias do Governo Federal referentes a Convęnios e Instrumentos Congęner";"000000";37,14;0;0;37,14
"Executivo - 10111";"1";"570";"212";"Transferęncias do Governo Federal referentes a Convęnios e Instrumentos Congęner";"003653";122,04;0;0;122,04
"Executivo - 10111";"1";"570";"212";"Transferęncias do Governo Federal referentes a Convęnios e Instrumentos Congęner";"005461";1066,72;0;0;1066,72
"Executivo - 10111";"1";"570";"212";"Transferęncias do Governo Federal referentes a Convęnios e Instrumentos Congęner";"006868";1678,95;0;0;1678,95
"Executivo - 10111";"1";"570";"212";"Transferęncias do Governo Federal referentes a Convęnios e Instrumentos Congęner";"007343";6760,2;0;0;6760,2
"Executivo - 10111";"1";"570";"212";"Transferęncias do Governo Federal referentes a Convęnios e Instrumentos Congęner";"007616";576,39;0;0;576,39
"Executivo - 10111";"1";"570";"212";"Transferęncias do Governo Federal referentes a Convęnios e Instrumentos Congęner";"007991";0,78;0;0;0,78
"Executivo - 10111";"1";"570";"212";"Transferęncias do Governo Federal referentes a Convęnios e Instrumentos Congęner";"200059";53669,81;0;0;53669,81
"Executivo - 10111";"1";"570";"212";"Transferęncias do Governo Federal referentes a Convęnios e Instrumentos Congęner";"200061";1485,31;0;0;1485,31
"Executivo - 10111";"1";"570";"212";"Transferęncias do Governo Federal referentes a Convęnios e Instrumentos Congęner";"200066";95920,07;0;0;95920,07
"Executivo - 10111";"1";"570";"212";"Transferęncias do Governo Federal referentes a Convęnios e Instrumentos Congęner";"200067";74179,61;0;0;74179,61
"Executivo - 10111";"1";"570";"212";"Transferęncias do Governo Federal referentes a Convęnios e Instrumentos Congęner";"210093";44050,37;0;0;44050,37
"Executivo - 10111";"1";"570";"212";"Transferęncias do Governo Federal referentes a Convęnios e Instrumentos Congęner";"210181";19054,12;0;0;19054,12
"Executivo - 10111";"1";"570";"212";"Transferęncias do Governo Federal referentes a Convęnios e Instrumentos Congęner";"210182";27186,13;0;0;27186,13
"Executivo - 10111";"1";"570";"212";"Transferęncias do Governo Federal referentes a Convęnios e Instrumentos Congęner";"220127";439700,34;0;0;439700,34
"Executivo - 10111";"1";"570";"212";"Transferęncias do Governo Federal referentes a Convęnios e Instrumentos Congęner";"220128";122009,93;0;0;122009,93
"Executivo - 10111";"1";"570";"212";"Transferęncias do Governo Federal referentes a Convęnios e Instrumentos Congęner";"230112";18046,97;0;0;18046,97
"Executivo - 10111";"1";"570";"212";"Transferęncias do Governo Federal referentes a Convęnios e Instrumentos Congęner";"240110";503136,91;0;0;503136,91
"Executivo - 10111";"1";"570";"212";"Transferęncias do Governo Federal referentes a Convęnios e Instrumentos Congęner";"240208";28,87;0;0;28,87
"Executivo - 10111";"1";"600";"225";"Transferęncias Fundo a Fundo de Recursos do SUS provenientes do Governo Federal";"000000";502849747,58;0;62674338,56;565524086,14
"Executivo - 10111";"1";"601";"225";"Transferęncias Fundo a Fundo de Recursos do SUS provenientes do Governo Federal";"000000";2669016,39;0;0;2669016,39
"Executivo - 10111";"1";"605";"225";"Complementaçăo Financeira ao Pagamento de Piso Salarial Prof da Enfermagem";"000000";36430015,17;0;4952463,11;41382478,28
"Executivo - 10111";"1";"621";"225";"Transferęncias Fundo a Fundo de Recursos do SUS provenientes do Governo Estadual";"000000";249498,04;0;8086,64;257584,68
"Executivo - 10111";"1";"622";"225";"Transferęncias Fundo a Fundo de Recursos do SUS provenientes dos Governos Munici";"000000";22614,48;0;0;22614,48
"Executivo - 10111";"1";"631";"212";"Transferęncias do Governo Federal referentes a Convęnios e Instrumentos Congęner";"003634";28,15;0;0;28,15
"Executivo - 10111";"1";"631";"212";"Transferęncias do Governo Federal referentes a Convęnios e Instrumentos Congęner";"004168";4422,53;0;0;4422,53
"Executivo - 10111";"1";"631";"212";"Transferęncias do Governo Federal referentes a Convęnios e Instrumentos Congęner";"006741";34444,03;0;0;34444,03
"Executivo - 10111";"1";"660";"224";"Transferęncia de Recursos do Fundo Nacional de Assistęncia Social - FNAS";"000026";23335,58;0;0;23335,58
"Executivo - 10111";"1";"660";"224";"Transferęncia de Recursos do Fundo Nacional de Assistęncia Social - FNAS";"000027";1404,42;0;0;1404,42
"Executivo - 10111";"1";"660";"224";"Transferęncia de Recursos do Fundo Nacional de Assistęncia Social - FNAS";"000028";318240,37;0;0;318240,37
"Executivo - 10111";"1";"660";"224";"Transferęncia de Recursos do Fundo Nacional de Assistęncia Social - FNAS";"000029";108,2;0;0;108,2
"Executivo - 10111";"1";"660";"224";"Transferęncia de Recursos do Fundo Nacional de Assistęncia Social - FNAS";"000032";162280,57;0;0;162280,57
"Executivo - 10111";"1";"660";"224";"Transferęncia de Recursos do Fundo Nacional de Assistęncia Social - FNAS";"000033";73407,69;0;0;73407,69
"Executivo - 10111";"1";"660";"224";"Transferęncia de Recursos do Fundo Nacional de Assistęncia Social - FNAS";"000041";1649820,04;0;0;1649820,04
"Executivo - 10111";"1";"660";"224";"Transferęncia de Recursos do Fundo Nacional de Assistęncia Social - FNAS";"000044";5352,83;0;0;5352,83
"Executivo - 10111";"1";"660";"224";"Transferęncia de Recursos do Fundo Nacional de Assistęncia Social - FNAS";"000045";3838,15;0;0;3838,15
"Executivo - 10111";"1";"660";"224";"Transferęncia de Recursos do Fundo Nacional de Assistęncia Social - FNAS";"000046";6,43;0;0;6,43
"Executivo - 10111";"1";"660";"224";"Transferęncia de Recursos do Fundo Nacional de Assistęncia Social - FNAS";"000047";17,72;0;0;17,72
"Executivo - 10111";"1";"660";"224";"Transferęncia de Recursos do Fundo Nacional de Assistęncia Social - FNAS";"000048";22,27;0;0;22,27
"Executivo - 10111";"1";"660";"224";"Transferęncia de Recursos do Fundo Nacional de Assistęncia Social - FNAS";"000053";687122,91;0;0;687122,91
"Executivo - 10111";"1";"660";"224";"Transferęncia de Recursos do Fundo Nacional de Assistęncia Social - FNAS";"000054";236059,78;0;0;236059,78
"Executivo - 10111";"1";"660";"224";"Transferęncia de Recursos do Fundo Nacional de Assistęncia Social - FNAS";"000059";577,74;0;0;577,74
"Executivo - 10111";"1";"660";"224";"Transferęncia de Recursos do Fundo Nacional de Assistęncia Social - FNAS";"000063";292817,34;0;0;292817,34
"Executivo - 10111";"1";"660";"224";"Transferęncia de Recursos do Fundo Nacional de Assistęncia Social - FNAS";"000091";26954,5;0;0;26954,5
"Executivo - 10111";"1";"660";"224";"Transferęncia de Recursos do Fundo Nacional de Assistęncia Social - FNAS";"000093";121762,88;0;0;121762,88
"Executivo - 10111";"1";"660";"224";"Transferęncia de Recursos do Fundo Nacional de Assistęncia Social - FNAS";"000094";41655,72;0;0;41655,72
"Executivo - 10111";"1";"660";"224";"Transferęncia de Recursos do Fundo Nacional de Assistęncia Social - FNAS";"000095";41655,72;0;0;41655,72
"Executivo - 10111";"1";"660";"224";"Transferęncia de Recursos do Fundo Nacional de Assistęncia Social - FNAS";"000096";4863,02;0;0;4863,02
"Executivo - 10111";"1";"665";"216";"Transferęncias de Convęnios e Instrumentos Congęneres vinculados ŕ Assistęncia S";"240001";2601,63;0;0;2601,63
"Executivo - 10111";"1";"700";"212";"Outras Transferęncias de Convęnios ou Instrumentos Congęneres da Uniăo";"000000";350297,85;0;0;350297,85
"Executivo - 10111";"1";"700";"212";"Outras Transferęncias de Convęnios ou Instrumentos Congęneres da Uniăo";"001007";282,68;0;0;282,68
"Executivo - 10111";"1";"700";"212";"Outras Transferęncias de Convęnios ou Instrumentos Congęneres da Uniăo";"002262";11961,87;0;0;11961,87
"Executivo - 10111";"1";"700";"212";"Outras Transferęncias de Convęnios ou Instrumentos Congęneres da Uniăo";"003519";779,29;0;0;779,29
"Executivo - 10111";"1";"700";"212";"Outras Transferęncias de Convęnios ou Instrumentos Congęneres da Uniăo";"003729";2353,64;0;0;2353,64
"Executivo - 10111";"1";"700";"212";"Outras Transferęncias de Convęnios ou Instrumentos Congęneres da Uniăo";"003771";861,95;0;0;861,95
"Executivo - 10111";"1";"700";"212";"Outras Transferęncias de Convęnios ou Instrumentos Congęneres da Uniăo";"003772";847,26;0;0;847,26
"Executivo - 10111";"1";"700";"212";"Outras Transferęncias de Convęnios ou Instrumentos Congęneres da Uniăo";"003871";16,68;0;0;16,68
"Executivo - 10111";"1";"700";"212";"Outras Transferęncias de Convęnios ou Instrumentos Congęneres da Uniăo";"003891";136,13;0;0;136,13
"Executivo - 10111";"1";"700";"212";"Outras Transferęncias de Convęnios ou Instrumentos Congęneres da Uniăo";"003930";30360,7;0;0;30360,7
"Executivo - 10111";"1";"700";"212";"Outras Transferęncias de Convęnios ou Instrumentos Congęneres da Uniăo";"004328";407299,89;0;0;407299,89
"Executivo - 10111";"1";"700";"212";"Outras Transferęncias de Convęnios ou Instrumentos Congęneres da Uniăo";"004373";2509,28;0;0;2509,28
"Executivo - 10111";"1";"700";"212";"Outras Transferęncias de Convęnios ou Instrumentos Congęneres da Uniăo";"004689";328498,28;0;0;328498,28
"Executivo - 10111";"1";"700";"212";"Outras Transferęncias de Convęnios ou Instrumentos Congęneres da Uniăo";"005053";10769,04;0;0;10769,04
"Executivo - 10111";"1";"700";"212";"Outras Transferęncias de Convęnios ou Instrumentos Congęneres da Uniăo";"005054";213,52;0;0;213,52
"Executivo - 10111";"1";"700";"212";"Outras Transferęncias de Convęnios ou Instrumentos Congęneres da Uniăo";"005056";2491,24;0;0;2491,24
"Executivo - 10111";"1";"700";"212";"Outras Transferęncias de Convęnios ou Instrumentos Congęneres da Uniăo";"005061";19568,28;0;0;19568,28
"Executivo - 10111";"1";"700";"212";"Outras Transferęncias de Convęnios ou Instrumentos Congęneres da Uniăo";"005106";89,83;0;0;89,83
"Executivo - 10111";"1";"700";"212";"Outras Transferęncias de Convęnios ou Instrumentos Congęneres da Uniăo";"005108";304,74;0;0;304,74
"Executivo - 10111";"1";"700";"212";"Outras Transferęncias de Convęnios ou Instrumentos Congęneres da Uniăo";"005942";46654,49;0;0;46654,49
"Executivo - 10111";"1";"700";"212";"Outras Transferęncias de Convęnios ou Instrumentos Congęneres da Uniăo";"006110";1196,31;0;0;1196,31
"Executivo - 10111";"1";"700";"212";"Outras Transferęncias de Convęnios ou Instrumentos Congęneres da Uniăo";"006168";1,2;0;0;1,2
"Executivo - 10111";"1";"700";"212";"Outras Transferęncias de Convęnios ou Instrumentos Congęneres da Uniăo";"006245";481,05;0;0;481,05
"Executivo - 10111";"1";"700";"212";"Outras Transferęncias de Convęnios ou Instrumentos Congęneres da Uniăo";"006908";6803,03;0;0;6803,03
"Executivo - 10111";"1";"700";"212";"Outras Transferęncias de Convęnios ou Instrumentos Congęneres da Uniăo";"007295";1093,59;0;0;1093,59
"Executivo - 10111";"1";"700";"212";"Outras Transferęncias de Convęnios ou Instrumentos Congęneres da Uniăo";"007382";166344,35;0;0;166344,35
"Executivo - 10111";"1";"700";"212";"Outras Transferęncias de Convęnios ou Instrumentos Congęneres da Uniăo";"007398";699842,61;0;0;699842,61
"Executivo - 10111";"1";"700";"212";"Outras Transferęncias de Convęnios ou Instrumentos Congęneres da Uniăo";"007627";4708,83;0;0;4708,83
"Executivo - 10111";"1";"700";"212";"Outras Transferęncias de Convęnios ou Instrumentos Congęneres da Uniăo";"007882";23412,2;0;0;23412,2
"Executivo - 10111";"1";"700";"212";"Outras Transferęncias de Convęnios ou Instrumentos Congęneres da Uniăo";"007919";301819,06;0;0;301819,06
"Executivo - 10111";"1";"700";"212";"Outras Transferęncias de Convęnios ou Instrumentos Congęneres da Uniăo";"007960";26567,32;0;0;26567,32
"Executivo - 10111";"1";"700";"212";"Outras Transferęncias de Convęnios ou Instrumentos Congęneres da Uniăo";"007961";41225,9;0;0;41225,9
"Executivo - 10111";"1";"700";"212";"Outras Transferęncias de Convęnios ou Instrumentos Congęneres da Uniăo";"160045";62967,5;0;0;62967,5
"Executivo - 10111";"1";"700";"212";"Outras Transferęncias de Convęnios ou Instrumentos Congęneres da Uniăo";"160054";640,78;0;0;640,78
"Executivo - 10111";"1";"700";"212";"Outras Transferęncias de Convęnios ou Instrumentos Congęneres da Uniăo";"160230";68643,26;0;0;68643,26
"Executivo - 10111";"1";"700";"212";"Outras Transferęncias de Convęnios ou Instrumentos Congęneres da Uniăo";"200001";11802,62;0;0;11802,62
"Executivo - 10111";"1";"700";"212";"Outras Transferęncias de Convęnios ou Instrumentos Congęneres da Uniăo";"200008";1010831,58;0;0;1010831,58
"Executivo - 10111";"1";"700";"212";"Outras Transferęncias de Convęnios ou Instrumentos Congęneres da Uniăo";"200044";14841,79;0;0;14841,79
"Executivo - 10111";"1";"700";"212";"Outras Transferęncias de Convęnios ou Instrumentos Congęneres da Uniăo";"200056";5678,25;0;0;5678,25
"Executivo - 10111";"1";"700";"212";"Outras Transferęncias de Convęnios ou Instrumentos Congęneres da Uniăo";"210080";153038,2;0;0;153038,2
"Executivo - 10111";"1";"700";"212";"Outras Transferęncias de Convęnios ou Instrumentos Congęneres da Uniăo";"210173";3168,22;0;0;3168,22
"Executivo - 10111";"1";"700";"212";"Outras Transferęncias de Convęnios ou Instrumentos Congęneres da Uniăo";"210177";28162,06;0;0;28162,06
"Executivo - 10111";"1";"700";"212";"Outras Transferęncias de Convęnios ou Instrumentos Congęneres da Uniăo";"220018";628081,26;0;0;628081,26
"Executivo - 10111";"1";"700";"212";"Outras Transferęncias de Convęnios ou Instrumentos Congęneres da Uniăo";"220025";282,37;0;0;282,37
"Executivo - 10111";"1";"700";"212";"Outras Transferęncias de Convęnios ou Instrumentos Congęneres da Uniăo";"220028";2265071,72;0;0;2265071,72
"Executivo - 10111";"1";"700";"212";"Outras Transferęncias de Convęnios ou Instrumentos Congęneres da Uniăo";"220045";63501,56;0;0;63501,56
"Executivo - 10111";"1";"700";"212";"Outras Transferęncias de Convęnios ou Instrumentos Congęneres da Uniăo";"220066";129616,92;0;0;129616,92
"Executivo - 10111";"1";"700";"212";"Outras Transferęncias de Convęnios ou Instrumentos Congęneres da Uniăo";"220080";320893,98;0;0;320893,98
"Executivo - 10111";"1";"700";"212";"Outras Transferęncias de Convęnios ou Instrumentos Congęneres da Uniăo";"220095";228810,63;0;0;228810,63
"Executivo - 10111";"1";"700";"212";"Outras Transferęncias de Convęnios ou Instrumentos Congęneres da Uniăo";"220096";130600,05;0;0;130600,05
"Executivo - 10111";"1";"700";"212";"Outras Transferęncias de Convęnios ou Instrumentos Congęneres da Uniăo";"220101";425279,04;0;0;425279,04
"Executivo - 10111";"1";"700";"212";"Outras Transferęncias de Convęnios ou Instrumentos Congęneres da Uniăo";"220117";8740,89;0;0;8740,89
"Executivo - 10111";"1";"700";"212";"Outras Transferęncias de Convęnios ou Instrumentos Congęneres da Uniăo";"220119";61894,17;0;0;61894,17
"Executivo - 10111";"1";"700";"212";"Outras Transferęncias de Convęnios ou Instrumentos Congęneres da Uniăo";"220120";100382,55;0;0;100382,55
"Executivo - 10111";"1";"700";"212";"Outras Transferęncias de Convęnios ou Instrumentos Congęneres da Uniăo";"220126";500000;0;0;500000
"Executivo - 10111";"1";"700";"212";"Outras Transferęncias de Convęnios ou Instrumentos Congęneres da Uniăo";"230022";977,27;0;0;977,27
"Executivo - 10111";"1";"700";"212";"Outras Transferęncias de Convęnios ou Instrumentos Congęneres da Uniăo";"230029";29777,78;0;0;29777,78
"Executivo - 10111";"1";"700";"212";"Outras Transferęncias de Convęnios ou Instrumentos Congęneres da Uniăo";"230061";2747613,06;0;0;2747613,06
"Executivo - 10111";"1";"700";"212";"Outras Transferęncias de Convęnios ou Instrumentos Congęneres da Uniăo";"230080";1303071,16;0;0;1303071,16
"Executivo - 10111";"1";"700";"212";"Outras Transferęncias de Convęnios ou Instrumentos Congęneres da Uniăo";"230081";15415,26;0;0;15415,26
"Executivo - 10111";"1";"700";"212";"Outras Transferęncias de Convęnios ou Instrumentos Congęneres da Uniăo";"230082";203,07;0;0;203,07
"Executivo - 10111";"1";"700";"212";"Outras Transferęncias de Convęnios ou Instrumentos Congęneres da Uniăo";"230083";483693;0;0;483693
"Executivo - 10111";"1";"700";"212";"Outras Transferęncias de Convęnios ou Instrumentos Congęneres da Uniăo";"240164";32402,25;0;0;32402,25
"Executivo - 10111";"1";"700";"212";"Outras Transferęncias de Convęnios ou Instrumentos Congęneres da Uniăo";"240200";175005,31;0;0;175005,31
"Executivo - 10111";"1";"700";"212";"Outras Transferęncias de Convęnios ou Instrumentos Congęneres da Uniăo";"240201";5840446,71;0;0;5840446,71
"Executivo - 10111";"1";"700";"212";"Outras Transferęncias de Convęnios ou Instrumentos Congęneres da Uniăo";"240205";85479,33;0;15899,03;101378,36
"Executivo - 10111";"1";"700";"212";"Outras Transferęncias de Convęnios ou Instrumentos Congęneres da Uniăo";"240206";778195,04;0;0;778195,04
"Executivo - 10111";"1";"700";"212";"Outras Transferęncias de Convęnios ou Instrumentos Congęneres da Uniăo";"240210";1196,65;0;0;1196,65
"Executivo - 10111";"1";"700";"212";"Outras Transferęncias de Convęnios ou Instrumentos Congęneres da Uniăo";"240279";123855,6;0;0;123855,6
"Executivo - 10111";"1";"700";"212";"Outras Transferęncias de Convęnios ou Instrumentos Congęneres da Uniăo";"250006";5385,93;0;0;5385,93
"Executivo - 10111";"1";"700";"212";"Outras Transferęncias de Convęnios ou Instrumentos Congęneres da Uniăo";"250014";20144,97;0;0;20144,97
"Executivo - 10111";"1";"700";"212";"Outras Transferęncias de Convęnios ou Instrumentos Congęneres da Uniăo";"250072";65409,8;0;0;65409,8
"Executivo - 10111";"1";"700";"212";"Outras Transferęncias de Convęnios ou Instrumentos Congęneres da Uniăo";"250132";17013298,44;0;0;17013298,44
"Executivo - 10111";"1";"700";"212";"Outras Transferęncias de Convęnios ou Instrumentos Congęneres da Uniăo";"250135";5198669,44;0;0;5198669,44
"Executivo - 10111";"1";"700";"212";"Outras Transferęncias de Convęnios ou Instrumentos Congęneres da Uniăo";"250140";68857,74;0;0;68857,74
"Executivo - 10111";"1";"700";"212";"Outras Transferęncias de Convęnios ou Instrumentos Congęneres da Uniăo";"250215";1012571,54;0;0;1012571,54
"Executivo - 10111";"1";"700";"213";"Outras Transferęncias de Convęnios ou Instrumentos Congęneres da Uniăo";"000000";1000000;0;0;1000000
"Executivo - 10111";"1";"700";"214";"Outras Transferęncias de Convęnios ou Instrumentos Congęneres da Uniăo";"003953";3363,71;0;0;3363,71
"Executivo - 10111";"1";"700";"214";"Outras Transferęncias de Convęnios ou Instrumentos Congęneres da Uniăo";"003954";17144,97;0;0;17144,97
"Executivo - 10111";"1";"700";"214";"Outras Transferęncias de Convęnios ou Instrumentos Congęneres da Uniăo";"003957";2,72;0;0;2,72
"Executivo - 10111";"1";"700";"214";"Outras Transferęncias de Convęnios ou Instrumentos Congęneres da Uniăo";"003964";48044;0;0;48044
"Executivo - 10111";"1";"700";"214";"Outras Transferęncias de Convęnios ou Instrumentos Congęneres da Uniăo";"004327";2461,17;0;0;2461,17
"Executivo - 10111";"1";"700";"214";"Outras Transferęncias de Convęnios ou Instrumentos Congęneres da Uniăo";"004671";0,82;0;0;0,82
"Executivo - 10111";"1";"700";"214";"Outras Transferęncias de Convęnios ou Instrumentos Congęneres da Uniăo";"005055";233,09;0;0;233,09
"Executivo - 10111";"1";"700";"214";"Outras Transferęncias de Convęnios ou Instrumentos Congęneres da Uniăo";"006844";1652,45;0;0;1652,45
"Executivo - 10111";"1";"700";"214";"Outras Transferęncias de Convęnios ou Instrumentos Congęneres da Uniăo";"006851";8143,45;0;0;8143,45
"Executivo - 10111";"1";"700";"214";"Outras Transferęncias de Convęnios ou Instrumentos Congęneres da Uniăo";"160046";2689,85;0;0;2689,85
"Executivo - 10111";"1";"700";"214";"Outras Transferęncias de Convęnios ou Instrumentos Congęneres da Uniăo";"230056";394583,99;0;0;394583,99
"Executivo - 10111";"1";"700";"214";"Outras Transferęncias de Convęnios ou Instrumentos Congęneres da Uniăo";"230057";245822,88;0;0;245822,88
"Executivo - 10111";"1";"700";"214";"Outras Transferęncias de Convęnios ou Instrumentos Congęneres da Uniăo";"230058";295708,83;0;0;295708,83
"Executivo - 10111";"1";"700";"214";"Outras Transferęncias de Convęnios ou Instrumentos Congęneres da Uniăo";"240295";100639,44;0;0;100639,44
"Executivo - 10111";"1";"701";"212";"Outras Transferęncias de Convęnios ou Instrumentos Congęneres dos Estados";"002219";87,03;0;0;87,03
"Executivo - 10111";"1";"701";"212";"Outras Transferęncias de Convęnios ou Instrumentos Congęneres dos Estados";"004594";268,21;0;0;268,21
"Executivo - 10111";"1";"701";"212";"Outras Transferęncias de Convęnios ou Instrumentos Congęneres dos Estados";"005427";1,48;0;0;1,48
"Executivo - 10111";"1";"701";"212";"Outras Transferęncias de Convęnios ou Instrumentos Congęneres dos Estados";"005614";3788,76;0;0;3788,76
"Executivo - 10111";"1";"701";"212";"Outras Transferęncias de Convęnios ou Instrumentos Congęneres dos Estados";"006394";1887,13;0;0;1887,13
"Executivo - 10111";"1";"701";"212";"Outras Transferęncias de Convęnios ou Instrumentos Congęneres dos Estados";"007881";28,95;0;0;28,95
"Executivo - 10111";"1";"701";"212";"Outras Transferęncias de Convęnios ou Instrumentos Congęneres dos Estados";"220109";559888,21;0;0;559888,21
"Executivo - 10111";"1";"701";"212";"Outras Transferęncias de Convęnios ou Instrumentos Congęneres dos Estados";"230119";317182,52;0;0;317182,52
"Executivo - 10111";"1";"701";"212";"Outras Transferęncias de Convęnios ou Instrumentos Congęneres dos Estados";"250143";226332,21;0;0;226332,21
"Executivo - 10111";"1";"701";"212";"Outras Transferęncias de Convęnios ou Instrumentos Congęneres dos Estados";"250223";268768,98;0;0;268768,98
"Executivo - 10111";"1";"702";"212";"Outras Transferęncias de Convęnios ou Instrumentos Congęneres dos Municípios";"000000";67271,21;0;0;67271,21
"Executivo - 10111";"1";"702";"212";"Outras Transferęncias de Convęnios ou Instrumentos Congęneres dos Municípios";"007884";30,77;0;0;30,77
"Executivo - 10111";"1";"702";"212";"Outras Transferęncias de Convęnios ou Instrumentos Congęneres dos Municípios";"008015";8290,95;0;0;8290,95
"Executivo - 10111";"1";"702";"212";"Outras Transferęncias de Convęnios ou Instrumentos Congęneres dos Municípios";"200029";0;0;0;0
"Executivo - 10111";"1";"702";"212";"Outras Transferęncias de Convęnios ou Instrumentos Congęneres dos Municípios";"200049";107,69;0;0;107,69
"Executivo - 10111";"1";"702";"212";"Outras Transferęncias de Convęnios ou Instrumentos Congęneres dos Municípios";"200055";3357,23;0;0;3357,23
"Executivo - 10111";"1";"702";"212";"Outras Transferęncias de Convęnios ou Instrumentos Congęneres dos Municípios";"210146";52,84;0;0;52,84
"Executivo - 10111";"1";"702";"212";"Outras Transferęncias de Convęnios ou Instrumentos Congęneres dos Municípios";"220003";182,1;0;0;182,1
"Executivo - 10111";"1";"702";"212";"Outras Transferęncias de Convęnios ou Instrumentos Congęneres dos Municípios";"220035";202,46;0;0;202,46
"Executivo - 10111";"1";"702";"212";"Outras Transferęncias de Convęnios ou Instrumentos Congęneres dos Municípios";"220069";615,24;0;0;615,24
"Executivo - 10111";"1";"702";"212";"Outras Transferęncias de Convęnios ou Instrumentos Congęneres dos Municípios";"220105";26435,28;0;0;26435,28
"Executivo - 10111";"1";"702";"212";"Outras Transferęncias de Convęnios ou Instrumentos Congęneres dos Municípios";"220118";25858,74;0;0;25858,74
"Executivo - 10111";"1";"702";"212";"Outras Transferęncias de Convęnios ou Instrumentos Congęneres dos Municípios";"230042";1211,95;0;0;1211,95
"Executivo - 10111";"1";"702";"212";"Outras Transferęncias de Convęnios ou Instrumentos Congęneres dos Municípios";"230043";784,11;0;0;784,11
"Executivo - 10111";"1";"702";"212";"Outras Transferęncias de Convęnios ou Instrumentos Congęneres dos Municípios";"230045";221038,19;0;0;221038,19
"Executivo - 10111";"1";"702";"212";"Outras Transferęncias de Convęnios ou Instrumentos Congęneres dos Municípios";"230046";167727,82;0;0;167727,82
"Executivo - 10111";"1";"702";"212";"Outras Transferęncias de Convęnios ou Instrumentos Congęneres dos Municípios";"230048";773321,33;0;123994,25;897315,58
"Executivo - 10111";"1";"702";"212";"Outras Transferęncias de Convęnios ou Instrumentos Congęneres dos Municípios";"230049";429786,85;0;72582;502368,85
"Executivo - 10111";"1";"702";"212";"Outras Transferęncias de Convęnios ou Instrumentos Congęneres dos Municípios";"230050";319564,47;0;0;319564,47
"Executivo - 10111";"1";"702";"212";"Outras Transferęncias de Convęnios ou Instrumentos Congęneres dos Municípios";"230055";188699,96;0;0;188699,96
"Executivo - 10111";"1";"702";"212";"Outras Transferęncias de Convęnios ou Instrumentos Congęneres dos Municípios";"230062";19483,13;0;0;19483,13
"Executivo - 10111";"1";"702";"212";"Outras Transferęncias de Convęnios ou Instrumentos Congęneres dos Municípios";"230087";223315,27;0;35686,15;259001,42
"Executivo - 10111";"1";"702";"212";"Outras Transferęncias de Convęnios ou Instrumentos Congęneres dos Municípios";"230113";1395203,58;0;239824,9;1635028,48
"Executivo - 10111";"1";"702";"212";"Outras Transferęncias de Convęnios ou Instrumentos Congęneres dos Municípios";"230114";1686275,75;0;0;1686275,75
"Executivo - 10111";"1";"702";"212";"Outras Transferęncias de Convęnios ou Instrumentos Congęneres dos Municípios";"230116";296099,56;0;0;296099,56
"Executivo - 10111";"1";"702";"212";"Outras Transferęncias de Convęnios ou Instrumentos Congęneres dos Municípios";"230120";333703,01;0;0;333703,01
"Executivo - 10111";"1";"702";"212";"Outras Transferęncias de Convęnios ou Instrumentos Congęneres dos Municípios";"240009";834820,33;0;0;834820,33
"Executivo - 10111";"1";"702";"212";"Outras Transferęncias de Convęnios ou Instrumentos Congęneres dos Municípios";"240041";722724,19;0;0;722724,19
"Executivo - 10111";"1";"702";"212";"Outras Transferęncias de Convęnios ou Instrumentos Congęneres dos Municípios";"240050";810154,97;0;0;810154,97
"Executivo - 10111";"1";"702";"212";"Outras Transferęncias de Convęnios ou Instrumentos Congęneres dos Municípios";"240104";1463655,81;0;0;1463655,81
"Executivo - 10111";"1";"702";"212";"Outras Transferęncias de Convęnios ou Instrumentos Congęneres dos Municípios";"240108";73404,6;0;0;73404,6
"Executivo - 10111";"1";"702";"212";"Outras Transferęncias de Convęnios ou Instrumentos Congęneres dos Municípios";"240115";2057824,47;0;419666,49;2477490,96
"Executivo - 10111";"1";"702";"212";"Outras Transferęncias de Convęnios ou Instrumentos Congęneres dos Municípios";"240116";3782452,63;0;0;3782452,63
"Executivo - 10111";"1";"702";"212";"Outras Transferęncias de Convęnios ou Instrumentos Congęneres dos Municípios";"240127";502527,34;0;0;502527,34
"Executivo - 10111";"1";"702";"212";"Outras Transferęncias de Convęnios ou Instrumentos Congęneres dos Municípios";"240128";9247397,66;0;0;9247397,66
"Executivo - 10111";"1";"702";"212";"Outras Transferęncias de Convęnios ou Instrumentos Congęneres dos Municípios";"240129";5168631,8;0;0;5168631,8
"Executivo - 10111";"1";"702";"212";"Outras Transferęncias de Convęnios ou Instrumentos Congęneres dos Municípios";"240132";243269,4;0;0;243269,4
"Executivo - 10111";"1";"702";"212";"Outras Transferęncias de Convęnios ou Instrumentos Congęneres dos Municípios";"240135";1519952,55;0;164519,2;1684471,75
"Executivo - 10111";"1";"702";"212";"Outras Transferęncias de Convęnios ou Instrumentos Congęneres dos Municípios";"240136";11749802,22;0;0;11749802,22
"Executivo - 10111";"1";"702";"212";"Outras Transferęncias de Convęnios ou Instrumentos Congęneres dos Municípios";"240146";255317,57;0;0;255317,57
"Executivo - 10111";"1";"702";"212";"Outras Transferęncias de Convęnios ou Instrumentos Congęneres dos Municípios";"240147";131586,63;0;0;131586,63
"Executivo - 10111";"1";"702";"212";"Outras Transferęncias de Convęnios ou Instrumentos Congęneres dos Municípios";"240148";229634,3;0;0;229634,3
"Executivo - 10111";"1";"702";"212";"Outras Transferęncias de Convęnios ou Instrumentos Congęneres dos Municípios";"240150";248306,61;0;0;248306,61
"Executivo - 10111";"1";"702";"212";"Outras Transferęncias de Convęnios ou Instrumentos Congęneres dos Municípios";"240155";650683,94;0;0;650683,94
"Executivo - 10111";"1";"702";"212";"Outras Transferęncias de Convęnios ou Instrumentos Congęneres dos Municípios";"240212";1323780,58;0;0;1323780,58
"Executivo - 10111";"1";"702";"212";"Outras Transferęncias de Convęnios ou Instrumentos Congęneres dos Municípios";"240213";1539141,31;0;0;1539141,31
"Executivo - 10111";"1";"702";"212";"Outras Transferęncias de Convęnios ou Instrumentos Congęneres dos Municípios";"240215";2968963,86;0;0;2968963,86
"Executivo - 10111";"1";"702";"212";"Outras Transferęncias de Convęnios ou Instrumentos Congęneres dos Municípios";"250008";1696901,97;0;0;1696901,97
"Executivo - 10111";"1";"702";"212";"Outras Transferęncias de Convęnios ou Instrumentos Congęneres dos Municípios";"250010";1168646,01;0;0;1168646,01
"Executivo - 10111";"1";"702";"212";"Outras Transferęncias de Convęnios ou Instrumentos Congęneres dos Municípios";"250016";687834,36;0;0;687834,36
"Executivo - 10111";"1";"702";"212";"Outras Transferęncias de Convęnios ou Instrumentos Congęneres dos Municípios";"250017";8071048,88;0;0;8071048,88
"Executivo - 10111";"1";"702";"212";"Outras Transferęncias de Convęnios ou Instrumentos Congęneres dos Municípios";"250020";94727,63;0;0;94727,63
"Executivo - 10111";"1";"702";"212";"Outras Transferęncias de Convęnios ou Instrumentos Congęneres dos Municípios";"250048";1567613,27;0;0;1567613,27
"Executivo - 10111";"1";"702";"212";"Outras Transferęncias de Convęnios ou Instrumentos Congęneres dos Municípios";"250049";200881,55;0;0;200881,55
"Executivo - 10111";"1";"702";"212";"Outras Transferęncias de Convęnios ou Instrumentos Congęneres dos Municípios";"250051";379262,81;0;0;379262,81
"Executivo - 10111";"1";"702";"212";"Outras Transferęncias de Convęnios ou Instrumentos Congęneres dos Municípios";"250055";273532,49;0;0;273532,49
"Executivo - 10111";"1";"702";"212";"Outras Transferęncias de Convęnios ou Instrumentos Congęneres dos Municípios";"250057";4187010,47;0;0;4187010,47
"Executivo - 10111";"1";"702";"212";"Outras Transferęncias de Convęnios ou Instrumentos Congęneres dos Municípios";"250063";1066031,88;0;0;1066031,88
"Executivo - 10111";"1";"702";"212";"Outras Transferęncias de Convęnios ou Instrumentos Congęneres dos Municípios";"250078";942891,9;0;0;942891,9
"Executivo - 10111";"1";"702";"212";"Outras Transferęncias de Convęnios ou Instrumentos Congęneres dos Municípios";"250082";889044,49;0;0;889044,49
"Executivo - 10111";"1";"702";"212";"Outras Transferęncias de Convęnios ou Instrumentos Congęneres dos Municípios";"250085";120804,02;0;0;120804,02
"Executivo - 10111";"1";"702";"212";"Outras Transferęncias de Convęnios ou Instrumentos Congęneres dos Municípios";"250104";217099,51;0;0;217099,51
"Executivo - 10111";"1";"702";"212";"Outras Transferęncias de Convęnios ou Instrumentos Congęneres dos Municípios";"250105";800936,08;0;0;800936,08
"Executivo - 10111";"1";"702";"212";"Outras Transferęncias de Convęnios ou Instrumentos Congęneres dos Municípios";"250174";120427,31;0;19960,05;140387,36
"Executivo - 10111";"1";"702";"212";"Outras Transferęncias de Convęnios ou Instrumentos Congęneres dos Municípios";"250210";31948319,23;0;0;31948319,23
"Executivo - 10111";"1";"702";"212";"Outras Transferęncias de Convęnios ou Instrumentos Congęneres dos Municípios";"250222";571922,9;0;0;571922,9
"Executivo - 10111";"1";"702";"212";"Outras Transferęncias de Convęnios ou Instrumentos Congęneres dos Municípios";"260046";1119161,42;0;0;1119161,42
"Executivo - 10111";"1";"702";"212";"Outras Transferęncias de Convęnios ou Instrumentos Congęneres dos Municípios";"260055";222584,8;0;0;222584,8
"Executivo - 10111";"1";"702";"212";"Outras Transferęncias de Convęnios ou Instrumentos Congęneres dos Municípios";"260056";222584,8;0;0;222584,8
"Executivo - 10111";"1";"702";"212";"Outras Transferęncias de Convęnios ou Instrumentos Congęneres dos Municípios";"260057";795864,98;0;0;795864,98
"Executivo - 10111";"1";"703";"212";"Outras Transferęncias de Convęnios ou Instrumentos Congęneres de outras Entidade";"000000";7469,24;7469,24;0;0
"Executivo - 10111";"1";"703";"212";"Outras Transferęncias de Convęnios ou Instrumentos Congęneres de outras Entidade";"000008";12316,71;0;2539,37;14856,08
"Executivo - 10111";"1";"703";"212";"Outras Transferęncias de Convęnios ou Instrumentos Congęneres de outras Entidade";"001732";25062,68;0;0;25062,68
"Executivo - 10111";"1";"703";"212";"Outras Transferęncias de Convęnios ou Instrumentos Congęneres de outras Entidade";"003697";380,7;0;0;380,7
"Executivo - 10111";"1";"703";"212";"Outras Transferęncias de Convęnios ou Instrumentos Congęneres de outras Entidade";"007399";13398;0;0;13398
"Executivo - 10111";"1";"703";"212";"Outras Transferęncias de Convęnios ou Instrumentos Congęneres de outras Entidade";"007902";59230,2;0;0;59230,2
"Executivo - 10111";"1";"703";"212";"Outras Transferęncias de Convęnios ou Instrumentos Congęneres de outras Entidade";"007989";3417,55;0;0;3417,55
"Executivo - 10111";"1";"703";"212";"Outras Transferęncias de Convęnios ou Instrumentos Congęneres de outras Entidade";"180046";107,16;0;0;107,16
"Executivo - 10111";"1";"703";"212";"Outras Transferęncias de Convęnios ou Instrumentos Congęneres de outras Entidade";"180068";2880,66;0;0;2880,66
"Executivo - 10111";"1";"703";"212";"Outras Transferęncias de Convęnios ou Instrumentos Congęneres de outras Entidade";"190017";2,42;0;0;2,42
"Executivo - 10111";"1";"703";"212";"Outras Transferęncias de Convęnios ou Instrumentos Congęneres de outras Entidade";"200025";4,75;0;0;4,75
"Executivo - 10111";"1";"703";"212";"Outras Transferęncias de Convęnios ou Instrumentos Congęneres de outras Entidade";"210001";7320,78;0;0;7320,78
"Executivo - 10111";"1";"703";"212";"Outras Transferęncias de Convęnios ou Instrumentos Congęneres de outras Entidade";"210012";25,92;0;0;25,92
"Executivo - 10111";"1";"703";"212";"Outras Transferęncias de Convęnios ou Instrumentos Congęneres de outras Entidade";"210155";5608,39;0;0;5608,39
"Executivo - 10111";"1";"703";"212";"Outras Transferęncias de Convęnios ou Instrumentos Congęneres de outras Entidade";"220013";989924,42;0;0;989924,42
"Executivo - 10111";"1";"703";"212";"Outras Transferęncias de Convęnios ou Instrumentos Congęneres de outras Entidade";"220068";180,44;0;0;180,44
"Executivo - 10111";"1";"703";"212";"Outras Transferęncias de Convęnios ou Instrumentos Congęneres de outras Entidade";"220109";0;0;0;0
"Executivo - 10111";"1";"703";"212";"Outras Transferęncias de Convęnios ou Instrumentos Congęneres de outras Entidade";"230016";6207,31;0;0;6207,31
"Executivo - 10111";"1";"703";"212";"Outras Transferęncias de Convęnios ou Instrumentos Congęneres de outras Entidade";"230025";826,89;0;0;826,89
"Executivo - 10111";"1";"703";"212";"Outras Transferęncias de Convęnios ou Instrumentos Congęneres de outras Entidade";"230031";4434,98;0;0;4434,98
"Executivo - 10111";"1";"703";"212";"Outras Transferęncias de Convęnios ou Instrumentos Congęneres de outras Entidade";"230051";40373,12;0;0;40373,12
"Executivo - 10111";"1";"703";"212";"Outras Transferęncias de Convęnios ou Instrumentos Congęneres de outras Entidade";"230068";1033716,24;0;0;1033716,24
"Executivo - 10111";"1";"703";"212";"Outras Transferęncias de Convęnios ou Instrumentos Congęneres de outras Entidade";"240105";54,34;0;0;54,34
"Executivo - 10111";"1";"703";"212";"Outras Transferęncias de Convęnios ou Instrumentos Congęneres de outras Entidade";"240113";93002,92;0;0;93002,92
"Executivo - 10111";"1";"703";"212";"Outras Transferęncias de Convęnios ou Instrumentos Congęneres de outras Entidade";"240123";144118,69;0;0;144118,69
"Executivo - 10111";"1";"703";"212";"Outras Transferęncias de Convęnios ou Instrumentos Congęneres de outras Entidade";"240142";1081359,75;0;0;1081359,75
"Executivo - 10111";"1";"703";"212";"Outras Transferęncias de Convęnios ou Instrumentos Congęneres de outras Entidade";"240154";235160,42;0;0;235160,42
"Executivo - 10111";"1";"703";"212";"Outras Transferęncias de Convęnios ou Instrumentos Congęneres de outras Entidade";"240184";4443,28;0;0;4443,28
"Executivo - 10111";"1";"703";"212";"Outras Transferęncias de Convęnios ou Instrumentos Congęneres de outras Entidade";"240196";12076,25;0;0;12076,25
"Executivo - 10111";"1";"703";"212";"Outras Transferęncias de Convęnios ou Instrumentos Congęneres de outras Entidade";"240214";72631,92;0;0;72631,92
"Executivo - 10111";"1";"703";"212";"Outras Transferęncias de Convęnios ou Instrumentos Congęneres de outras Entidade";"250007";305808,81;0;0;305808,81
"Executivo - 10111";"1";"703";"212";"Outras Transferęncias de Convęnios ou Instrumentos Congęneres de outras Entidade";"250015";2975,97;0;0;2975,97
"Executivo - 10111";"1";"703";"212";"Outras Transferęncias de Convęnios ou Instrumentos Congęneres de outras Entidade";"250018";164851,51;0;0;164851,51
"Executivo - 10111";"1";"703";"212";"Outras Transferęncias de Convęnios ou Instrumentos Congęneres de outras Entidade";"250019";97146,39;0;0;97146,39
"Executivo - 10111";"1";"703";"212";"Outras Transferęncias de Convęnios ou Instrumentos Congęneres de outras Entidade";"250024";1184,07;0;0;1184,07
"Executivo - 10111";"1";"703";"212";"Outras Transferęncias de Convęnios ou Instrumentos Congęneres de outras Entidade";"250046";13973,89;0;0;13973,89
"Executivo - 10111";"1";"703";"212";"Outras Transferęncias de Convęnios ou Instrumentos Congęneres de outras Entidade";"250050";294611,1;60319,52;60037,22;294328,8
"Executivo - 10111";"1";"703";"212";"Outras Transferęncias de Convęnios ou Instrumentos Congęneres de outras Entidade";"250056";155308,68;0;7469,24;162777,92
"Executivo - 10111";"1";"703";"212";"Outras Transferęncias de Convęnios ou Instrumentos Congęneres de outras Entidade";"250058";46360,8;0;0;46360,8
"Executivo - 10111";"1";"703";"212";"Outras Transferęncias de Convęnios ou Instrumentos Congęneres de outras Entidade";"250064";43980,35;0;0;43980,35
"Executivo - 10111";"1";"703";"212";"Outras Transferęncias de Convęnios ou Instrumentos Congęneres de outras Entidade";"250067";9520,42;0;0;9520,42
"Executivo - 10111";"1";"703";"212";"Outras Transferęncias de Convęnios ou Instrumentos Congęneres de outras Entidade";"250083";38113,5;0;0;38113,5
"Executivo - 10111";"1";"703";"212";"Outras Transferęncias de Convęnios ou Instrumentos Congęneres de outras Entidade";"250221";1392387,63;0;0;1392387,63
"Executivo - 10111";"1";"703";"212";"Outras Transferęncias de Convęnios ou Instrumentos Congęneres de outras Entidade";"260064";1440397,65;0;0;1440397,65
"Executivo - 10111";"1";"703";"212";"Outras Transferęncias de Convęnios ou Instrumentos Congęneres de outras Entidade";"260067";2500000;0;0;2500000
"Executivo - 10111";"1";"704";"104";"Transferęncia da Uniăo Referente a Royalties do Petróleo e Gás Natural";"000000";12667056438,83;1016174,27;20323485,39;12686363749,95
"Executivo - 10111";"1";"706";"260";"Transferęncia Especial da Uniăo";"000000";3232986,18;0;0;3232986,18
"Executivo - 10111";"1";"706";"260";"Transferęncia Especial da Uniăo";"000001";7115368,81;0;0;7115368,81
"Executivo - 10111";"1";"708";"101";"Transferęncia da Uniăo Referente ŕ Compensaçăo Financeira de Recursos Minerais";"000000";1322675,23;0;0;1322675,23
"Executivo - 10111";"1";"709";"101";"Transferęncia da Uniăo referente ŕ Compensaçăo Financeira de Recursos Hídricos";"000000";3159030,96;0;0;3159030,96
"Executivo - 10111";"1";"712";"224";"Transferęncias Fundo a Fundo de Recursos do Fundo Penitenciário - FUNPEN";"000000";1268,98;0;0;1268,98
"Executivo - 10111";"1";"712";"224";"Transferęncias Fundo a Fundo de Recursos do Fundo Penitenciário - FUNPEN";"000034";2813618,47;0;0;2813618,47
"Executivo - 10111";"1";"712";"224";"Transferęncias Fundo a Fundo de Recursos do Fundo Penitenciário - FUNPEN";"000035";5491,15;0;0;5491,15
"Executivo - 10111";"1";"712";"224";"Transferęncias Fundo a Fundo de Recursos do Fundo Penitenciário - FUNPEN";"000036";5269,56;0;0;5269,56
"Executivo - 10111";"1";"712";"224";"Transferęncias Fundo a Fundo de Recursos do Fundo Penitenciário - FUNPEN";"000038";141898,2;0;0;141898,2
"Executivo - 10111";"1";"712";"224";"Transferęncias Fundo a Fundo de Recursos do Fundo Penitenciário - FUNPEN";"000039";1112987,68;0;0;1112987,68
"Executivo - 10111";"1";"712";"224";"Transferęncias Fundo a Fundo de Recursos do Fundo Penitenciário - FUNPEN";"000064";130518,27;0;0;130518,27
"Executivo - 10111";"1";"712";"224";"Transferęncias Fundo a Fundo de Recursos do Fundo Penitenciário - FUNPEN";"000065";7326,95;0;0;7326,95
"Executivo - 10111";"1";"712";"224";"Transferęncias Fundo a Fundo de Recursos do Fundo Penitenciário - FUNPEN";"000066";99670,36;0;0;99670,36
"Executivo - 10111";"1";"712";"224";"Transferęncias Fundo a Fundo de Recursos do Fundo Penitenciário - FUNPEN";"000067";25167,76;0;0;25167,76
"Executivo - 10111";"1";"712";"224";"Transferęncias Fundo a Fundo de Recursos do Fundo Penitenciário - FUNPEN";"000068";21977,7;0;0;21977,7
"Executivo - 10111";"1";"712";"224";"Transferęncias Fundo a Fundo de Recursos do Fundo Penitenciário - FUNPEN";"000069";165578,87;0;0;165578,87
"Executivo - 10111";"1";"712";"224";"Transferęncias Fundo a Fundo de Recursos do Fundo Penitenciário - FUNPEN";"000088";59396,51;0;0;59396,51
"Executivo - 10111";"1";"712";"224";"Transferęncias Fundo a Fundo de Recursos do Fundo Penitenciário - FUNPEN";"000089";155264,36;0;0;155264,36
"Executivo - 10111";"1";"712";"224";"Transferęncias Fundo a Fundo de Recursos do Fundo Penitenciário - FUNPEN";"000090";123762,17;0;0;123762,17
"Executivo - 10111";"1";"712";"224";"Transferęncias Fundo a Fundo de Recursos do Fundo Penitenciário - FUNPEN";"000096";277950,17;0;0;277950,17
"Executivo - 10111";"1";"712";"224";"Transferęncias Fundo a Fundo de Recursos do Fundo Penitenciário - FUNPEN";"000097";177476,82;0;0;177476,82
"Executivo - 10111";"1";"712";"224";"Transferęncias Fundo a Fundo de Recursos do Fundo Penitenciário - FUNPEN";"000098";114459,68;0;0;114459,68
"Executivo - 10111";"1";"713";"224";"Transferęncias Fundo a Fundo de Recursos do Fundo de Segurança Pública - FSP";"000000";6809501,77;0;0;6809501,77
"Executivo - 10111";"1";"713";"224";"Transferęncias Fundo a Fundo de Recursos do Fundo de Segurança Pública - FSP";"000055";0;0;0;0
"Executivo - 10111";"1";"713";"224";"Transferęncias Fundo a Fundo de Recursos do Fundo de Segurança Pública - FSP";"000080";0;0;0;0
"Executivo - 10111";"1";"713";"224";"Transferęncias Fundo a Fundo de Recursos do Fundo de Segurança Pública - FSP";"000081";0;0;0;0
"Executivo - 10111";"1";"713";"224";"Transferęncias Fundo a Fundo de Recursos do Fundo de Segurança Pública - FSP";"000082";0;0;0;0
"Executivo - 10111";"1";"713";"224";"Transferęncias Fundo a Fundo de Recursos do Fundo de Segurança Pública - FSP";"000083";0;0;0;0
"Executivo - 10111";"1";"713";"224";"Transferęncias Fundo a Fundo de Recursos do Fundo de Segurança Pública - FSP";"000084";0;0;0;0
"Executivo - 10111";"1";"713";"224";"Transferęncias Fundo a Fundo de Recursos do Fundo de Segurança Pública - FSP";"000085";0;0;0;0
"Executivo - 10111";"1";"713";"224";"Transferęncias Fundo a Fundo de Recursos do Fundo de Segurança Pública - FSP";"000086";0;0;0;0
"Executivo - 10111";"1";"713";"224";"Transferęncias Fundo a Fundo de Recursos do Fundo de Segurança Pública - FSP";"000087";0;0;0;0
"Executivo - 10111";"1";"713";"224";"Transferęncias Fundo a Fundo de Recursos do Fundo de Segurança Pública - FSP";"000096";0;0;0;0
"Executivo - 10111";"1";"713";"224";"Transferęncias Fundo a Fundo de Recursos do Fundo de Segurança Pública - FSP";"000097";0;0;0;0
"Executivo - 10111";"1";"713";"224";"Transferęncias Fundo a Fundo de Recursos do Fundo de Segurança Pública - FSP";"000098";0;0;0;0
"Executivo - 10111";"1";"713";"224";"Transferęncias Fundo a Fundo de Recursos do Fundo de Segurança Pública - FSP";"000099";0;0;0;0
"Executivo - 10111";"1";"713";"224";"Transferęncias Fundo a Fundo de Recursos do Fundo de Segurança Pública - FSP";"000100";0;0;0;0
"Executivo - 10111";"1";"713";"224";"Transferęncias Fundo a Fundo de Recursos do Fundo de Segurança Pública - FSP";"000101";0;0;0;0
"Executivo - 10111";"1";"713";"224";"Transferęncias Fundo a Fundo de Recursos do Fundo de Segurança Pública - FSP";"000102";0;0;0;0
"Executivo - 10111";"1";"713";"224";"Transferęncias Fundo a Fundo de Recursos do Fundo de Segurança Pública - FSP";"000103";0;0;0;0
"Executivo - 10111";"1";"713";"224";"Transferęncias Fundo a Fundo de Recursos do Fundo de Segurança Pública - FSP";"000104";0;0;0;0
"Executivo - 10111";"1";"714";"224";"Transferęncias Fundo a Fundo de Recursos do Fundo de Amparo ao Trabalhador - FAT";"000000";346461,76;0;0;346461,76
"Executivo - 10111";"1";"714";"224";"Transferęncias Fundo a Fundo de Recursos do Fundo de Amparo ao Trabalhador - FAT";"000920";648,44;0;0;648,44
"Executivo - 10111";"1";"714";"224";"Transferęncias Fundo a Fundo de Recursos do Fundo de Amparo ao Trabalhador - FAT";"000921";657620,54;0;0;657620,54
"Executivo - 10111";"1";"714";"224";"Transferęncias Fundo a Fundo de Recursos do Fundo de Amparo ao Trabalhador - FAT";"006949";87338,63;0;0;87338,63
"Executivo - 10111";"1";"719";"228";"Transferęncias da Política Nacional Aldir Blanc de Fomento ŕ Cultura - Lei 14399";"000000";64895,05;0;0;64895,05
"Executivo - 10111";"1";"719";"228";"Transferęncias da Política Nacional Aldir Blanc de Fomento ŕ Cultura - Lei 14399";"111111";5362487,88;0;0;5362487,88
"Executivo - 10111";"1";"747";"224";"Outras vinculaçőes de transferęncias da Uniăo";"000000";11205193,19;0;0;11205193,19
"Executivo - 10111";"1";"749";"227";"Outras vinculaçőes de transferęncias";"000000";7885,33;0;0;7885,33
"Executivo - 10111";"1";"749";"227";"Outras vinculaçőes de transferęncias";"000002";630609,9;344419,18;137721,67;423912,39
"Executivo - 10111";"1";"749";"227";"Outras vinculaçőes de transferęncias";"000003";2686;0;0;2686
"Executivo - 10111";"1";"750";"126";"Recursos da Contribuiçăo de Intervençăo no Domínio Econômico - CIDE";"000000";28114137,51;0;0;28114137,51
"Executivo - 10111";"1";"752";"230";"Recursos Vinculados ao Trânsito";"000000";43809980,66;0;2304187,62;46114168,28
"Executivo - 10111";"1";"753";"132";"Recursos provenientes de taxas e contribuiçőes";"000000";11431017,54;0;492396,73;11923414,27
"Executivo - 10111";"1";"753";"232";"Recursos provenientes de taxas e contribuiçőes";"000000";429840744,9;0;1193977,39;431034722,29
"Executivo - 10111";"1";"753";"232";"Recursos provenientes de taxas e contribuiçőes";"000002";652372344,61;0;30126323,66;682498668,27
"Executivo - 10111";"1";"753";"232";"Recursos provenientes de taxas e contribuiçőes";"000003";665430660,53;0;23095111,94;688525772,47
"Executivo - 10111";"1";"753";"232";"Recursos provenientes de taxas e contribuiçőes";"000016";1194203,03;0;0;1194203,03
"Executivo - 10111";"1";"753";"232";"Recursos provenientes de taxas e contribuiçőes";"000017";10757800,99;0;0;10757800,99
"Executivo - 10111";"1";"754";"111";"Recursos de Operaçőes de Crédito";"000104";83152,52;0;0;83152,52
"Executivo - 10111";"1";"754";"111";"Recursos de Operaçőes de Crédito";"121089";68294,16;0;0;68294,16
"Executivo - 10111";"1";"754";"111";"Recursos de Operaçőes de Crédito";"121146";8402,68;0;0;8402,68
"Executivo - 10111";"1";"754";"111";"Recursos de Operaçőes de Crédito";"121169";38773,64;0;0;38773,64
"Executivo - 10111";"1";"754";"111";"Recursos de Operaçőes de Crédito";"121170";26,24;0;0;26,24
"Executivo - 10111";"1";"754";"111";"Recursos de Operaçőes de Crédito";"121171";5480,83;0;0;5480,83
"Executivo - 10111";"1";"754";"111";"Recursos de Operaçőes de Crédito";"121178";44377,84;0;0;44377,84
"Executivo - 10111";"1";"754";"111";"Recursos de Operaçőes de Crédito";"121187";11195,27;0;0;11195,27
"Executivo - 10111";"1";"754";"111";"Recursos de Operaçőes de Crédito";"121189";34973,72;0;0;34973,72
"Executivo - 10111";"1";"754";"111";"Recursos de Operaçőes de Crédito";"121203";184,89;0;0;184,89
"Executivo - 10111";"1";"754";"111";"Recursos de Operaçőes de Crédito";"211014";5934,95;0;0;5934,95
"Executivo - 10111";"1";"754";"111";"Recursos de Operaçőes de Crédito";"211015";117,29;0;0;117,29
"Executivo - 10111";"1";"754";"111";"Recursos de Operaçőes de Crédito";"211017";1352,72;0;0;1352,72
"Executivo - 10111";"1";"754";"111";"Recursos de Operaçőes de Crédito";"211018";92754,17;0;0;92754,17
"Executivo - 10111";"1";"754";"111";"Recursos de Operaçőes de Crédito";"211022";244,29;0;0;244,29
"Executivo - 10111";"1";"754";"111";"Recursos de Operaçőes de Crédito";"211024";31778,68;0;0;31778,68
"Executivo - 10111";"1";"754";"111";"Recursos de Operaçőes de Crédito";"211025";1073,19;0;0;1073,19
"Executivo - 10111";"1";"754";"111";"Recursos de Operaçőes de Crédito";"211032";11215,59;0;0;11215,59
"Executivo - 10111";"1";"754";"111";"Recursos de Operaçőes de Crédito";"211033";399691,54;0;400,01;400091,55
"Executivo - 10111";"1";"754";"111";"Recursos de Operaçőes de Crédito";"211035";76,48;0;0;76,48
"Executivo - 10111";"1";"755";"133";"Recursos de Alienaçăo de Bens/Ativos - Administraçăo Direta";"000000";15800;0;0;15800
"Executivo - 10111";"1";"755";"233";"Recursos de Alienaçăo de Bens/Ativos - Administraçăo Direta";"000000";2746559,97;0;0;2746559,97
"Executivo - 10111";"1";"756";"233";"Recursos de Alienaçăo de Bens/Ativos - Administraçăo Indireta";"000100";71,28;0;0;71,28
"Executivo - 10111";"1";"757";"190";"Recursos de Depósitos Judiciais - Lides das quais o Ente faz parte";"000151";987992547,48;0;0;987992547,48
"Executivo - 10111";"1";"759";"102";"Recursos Vinculados a Fundos";"000000";573218026,47;22072,72;2658352,95;575854306,7
"Executivo - 10111";"1";"759";"103";"Recursos Vinculados a Fundos";"000000";449905960,54;0;0;449905960,54
"Executivo - 10111";"1";"759";"103";"Recursos Vinculados a Fundos";"210163";4968,45;0;0;4968,45
"Executivo - 10111";"1";"759";"103";"Recursos Vinculados a Fundos";"220096";11249,66;0;0;11249,66
"Executivo - 10111";"1";"759";"150";"Recursos Vinculados a Fundos";"000000";92490628,06;117843,39;2873555,78;95246340,45
"Executivo - 10111";"1";"759";"151";"Recursos Vinculados a Fundos";"000000";451307964,24;304852,28;1016174,27;452019286,23
"Executivo - 10111";"1";"759";"152";"Recursos Vinculados a Fundos";"000000";134628807,06;0;0;134628807,06
"Executivo - 10111";"1";"759";"245";"Recursos Vinculados a Fundos";"000000";32544930,97;0;3226107,87;35771038,84
"Executivo - 10111";"1";"759";"251";"Recursos Vinculados a Fundos";"000000";8756098,23;0;148319,98;8904418,21
"Executivo - 10111";"1";"759";"251";"Recursos Vinculados a Fundos";"000013";4839177,34;0;0;4839177,34
"Executivo - 10111";"1";"760";"232";"Recursos de Emolumentos e Taxas Judiciais";"000000";95433625,95;3318,24;3318,24;95433625,95
"Executivo - 10111";"1";"761";"122";"Recursos vinculados ao Fundo de Combate e Erradicaçăo da Pobreza";"000000";2494710060,07;42037374,95;116404213,46;2569076898,58
"Executivo - 10111";"1";"761";"122";"Recursos vinculados ao Fundo de Combate e Erradicaçăo da Pobreza";"220045";198276,06;0;0;198276,06
"Executivo - 10111";"1";"761";"122";"Recursos vinculados ao Fundo de Combate e Erradicaçăo da Pobreza";"240011";1216,62;0;0;1216,62
"Executivo - 10111";"1";"761";"122";"Recursos vinculados ao Fundo de Combate e Erradicaçăo da Pobreza";"240012";1581,17;0;0;1581,17
"Executivo - 10111";"1";"761";"122";"Recursos vinculados ao Fundo de Combate e Erradicaçăo da Pobreza";"240204";3597,08;0;741,62;4338,7
"Executivo - 10111";"1";"761";"122";"Recursos vinculados ao Fundo de Combate e Erradicaçăo da Pobreza";"250163";158549,72;0;33309,56;191859,28
"Executivo - 10111";"1";"799";"195";"Outras Vinculaçőes Legais";"000000";2425216,87;0;0;2425216,87
"Executivo - 10111";"1";"799";"240";"Outras Vinculaçőes Legais";"000000";44075518,85;0;6917;44082435,85
"Executivo - 10111";"1";"799";"240";"Outras Vinculaçőes Legais";"000001";562158,03;0;0;562158,03
"Executivo - 10111";"1";"799";"297";"Outras Vinculaçőes Legais";"000000";19999,98;0;0;19999,98
"Executivo - 10111";"1";"799";"297";"Outras Vinculaçőes Legais";"000001";3028,76;0;0;3028,76
"Executivo - 10111";"1";"799";"297";"Outras Vinculaçőes Legais";"000002";3304,02;0;0;3304,02
"Executivo - 10111";"1";"799";"297";"Outras Vinculaçőes Legais";"000003";1761,26;0;0;1761,26
"Executivo - 10111";"1";"799";"297";"Outras Vinculaçőes Legais";"000004";1235,36;0;0;1235,36
"Executivo - 10111";"1";"799";"297";"Outras Vinculaçőes Legais";"000006";9851,24;0;0;9851,24
"Executivo - 10111";"1";"799";"297";"Outras Vinculaçőes Legais";"000009";927549,77;0;0;927549,77
"Executivo - 10111";"1";"799";"297";"Outras Vinculaçőes Legais";"000011";953,57;0;0;953,57
"Executivo - 10111";"1";"799";"297";"Outras Vinculaçőes Legais";"000015";162315,55;0;0;162315,55
"Executivo - 10111";"1";"799";"297";"Outras Vinculaçőes Legais";"000016";135122,21;0;0;135122,21
"Executivo - 10111";"1";"799";"297";"Outras Vinculaçőes Legais";"000017";111520,57;0;0;111520,57
"Executivo - 10111";"1";"799";"297";"Outras Vinculaçőes Legais";"000018";8103137,31;0;0;8103137,31
"Executivo - 10111";"1";"799";"297";"Outras Vinculaçőes Legais";"000019";207211,79;0;0;207211,79
"Executivo - 10111";"1";"799";"297";"Outras Vinculaçőes Legais";"000020";14622493,35;0;0;14622493,35
"Executivo - 10111";"1";"799";"297";"Outras Vinculaçőes Legais";"000021";1543399,09;0;0;1543399,09
"Executivo - 10111";"1";"799";"297";"Outras Vinculaçőes Legais";"000022";386027,59;0;0;386027,59
"Executivo - 10111";"1";"799";"297";"Outras Vinculaçőes Legais";"000023";28859,94;0;0;28859,94
"Executivo - 10111";"1";"799";"297";"Outras Vinculaçőes Legais";"000024";120,78;0;0;120,78
"Executivo - 10111";"1";"799";"297";"Outras Vinculaçőes Legais";"000025";268672,9;0;0;268672,9
"Executivo - 10111";"1";"799";"297";"Outras Vinculaçőes Legais";"000026";77783,75;0;0;77783,75
"Executivo - 10111";"1";"799";"297";"Outras Vinculaçőes Legais";"000027";1109273,89;0;0;1109273,89
"Executivo - 10111";"1";"862";"081";"Recursos de Depósitos de Terceiros";"000000";0;0;0;0
"Executivo - 10111";"1";"898";"085";"Recursos a Classificar";"000000";5598,48;5598,48;0;0
"Executivo - 10111";"1";"899";"218";"Outros Recursos Vinculados";"000000";39521,25;0;0;39521,25
"Executivo - 10111";"1";"899";"218";"Outros Recursos Vinculados";"007840";68179,36;0;0;68179,36
"Executivo - 10111";"1";"899";"218";"Outros Recursos Vinculados";"009998";416992,19;0;0;416992,19
"Executivo - 10111";"1";"899";"218";"Outros Recursos Vinculados";"011925";31916531,97;0;6203067,38;38119599,35
"Executivo - 10111";"1";"899";"218";"Outros Recursos Vinculados";"050924";31292,49;0;0;31292,49
"Executivo - 10111";"1";"899";"223";"Outros Recursos Vinculados";"000000";1636923741,49;0;0;1636923741,49
"Executivo - 10111";"2";"501";"101";"Outros Recursos năo Vinculados";"000000";41840,64;0;0;41840,64
"Executivo - 10111";"2";"701";"212";"Outras Transferęncias de Convęnios ou Instrumentos Congęneres dos Estados";"230119";0;0;0;0
"Executivo - 10111";"Total";"Total";"Total";"Total";"Total";73951137143,47;94483072,94;1523212711,9;75379866782,43
"RioPREV - 10112";"1";"800";"234";"Recursos Vinculados ao RPPS - Fundo em Capitalizaçăo (Plano Previdenciário)";"000000";859406904,5;245088736,9;150962169,06;765280336,66
"RioPREV - 10112";"1";"801";"231";"Recursos Vinculados ao RPPS - Fundo em Repartiçăo (Plano Financeiro)";"000000";2815054631,64;0;178711840,11;2993766471,75
"RioPREV - 10112";"1";"802";"235";"Recursos Vinculados ao RPPS - Taxa de Administraçăo";"000000";280808099,32;0;115615,72;280923715,04
"RioPREV - 10112";"1";"803";"237";"Recursos Vinculados ao Sistema de Proteçăo Social dos Militares (SPSM)";"000000";740381096,02;0;17774342,75;758155438,77
"RioPREV - 10112";"Total";"Total";"Total";"Total";"Total";4695650731,48;245088736,9;347563967,64;4798125962,22
"Alerj - 20211";"1";"501";"230";"Outros Recursos năo Vinculados";"000000";19718279,94;0;749,13;19719029,07
"Alerj - 20211";"1";"760";"232";"Recursos de Emolumentos e Taxas Judiciais";"000000";9872466,26;0;0;9872466,26
"Alerj - 20211";"Total";"Total";"Total";"Total";"Total";29590746,2;0;749,13;29591495,33
"TCE - 20212";"1";"501";"230";"Outros Recursos năo Vinculados";"000000";93080327,95;0;208555,57;93288883,52
"TCE - 20212";"1";"760";"232";"Recursos de Emolumentos e Taxas Judiciais";"000000";7204825,8;0;935,26;7205761,06
"TCE - 20212";"Total";"Total";"Total";"Total";"Total";100285153,75;0;209490,83;100494644,58
"TJ - 30390";"1";"501";"230";"Outros Recursos năo Vinculados";"000000";1213166836,3;10750,12;80768854,9;1293924941,08
"TJ - 30390";"1";"700";"212";"Outras Transferęncias de Convęnios ou Instrumentos Congęneres da Uniăo";"000000";509,83;0;0;509,83
"TJ - 30390";"1";"760";"232";"Recursos de Emolumentos e Taxas Judiciais";"000000";887963307,71;7776,44;40956756,46;928912287,73
"TJ - 30390";"Total";"Total";"Total";"Total";"Total";2101130653,84;18526,56;121725611,36;2222837738,64
"MP - 50511";"1";"501";"230";"Outros Recursos năo Vinculados";"000000";71441906,91;263,22;1272,16;71442915,85
"MP - 50511";"Total";"Total";"Total";"Total";"Total";71441906,91;263,22;1272,16;71442915,85
"DP - 60611";"1";"501";"230";"Outros Recursos năo Vinculados";"000000";17409014,21;0;0;17409014,21
"DP - 60611";"1";"501";"230";"Outros Recursos năo Vinculados";"000015";11474361,84;120386,89;240773,78;11594748,73
"DP - 60611";"1";"570";"212";"Transferęncias do Governo Federal referentes a Convęnios e Instrumentos Congęner";"000000";0;0;0;0
"DP - 60611";"1";"570";"212";"Transferęncias do Governo Federal referentes a Convęnios e Instrumentos Congęner";"004576";2810,77;0;0;2810,77
"DP - 60611";"1";"753";"232";"Recursos provenientes de taxas e contribuiçőes";"000000";19587,86;0;0;19587,86
"DP - 60611";"1";"760";"232";"Recursos de Emolumentos e Taxas Judiciais";"000000";104983849,46;0;17994,27;105001843,73
"DP - 60611";"Total";"Total";"Total";"Total";"Total";133889624,14;120386,89;258768,05;134028005,3
